﻿<?xml version="1.0" encoding="utf-8"?>
<Deployment xmlns="http://schemas.microsoft.com/windowsphone/2009/deployment" AppPlatformVersion="7.1">
  <App xmlns="" ProductID="{122b14c3-d0ee-4cfe-b988-5818f19a85ef}" Title="Day 22 - App Connect" RuntimeType="Silverlight" Version="1.0.0.0" Genre="apps.normal" Author="PhoneApp2 author" Description="Sample description" Publisher="PhoneApp2">
    <IconPath IsRelative="true" IsResource="false">ApplicationIcon.jpg</IconPath>
    <Capabilities>
      <Capability Name="ID_CAP_GAMERSERVICES" />
      <Capability Name="ID_CAP_IDENTITY_DEVICE" />
      <Capability Name="ID_CAP_IDENTITY_USER" />
      <Capability Name="ID_CAP_LOCATION" />
      <Capability Name="ID_CAP_MEDIALIB" />
      <Capability Name="ID_CAP_MICROPHONE" />
      <Capability Name="ID_CAP_NETWORKING" />
      <Capability Name="ID_CAP_PHONEDIALER" />
      <Capability Name="ID_CAP_PUSH_NOTIFICATION" />
      <Capability Name="ID_CAP_SENSORS" />
      <Capability Name="ID_CAP_WEBBROWSERCOMPONENT" />
    </Capabilities>
    <Tasks>

      <!-- Standard task used for deployment purposes. Don't ship with anything else enabled -->
      <DefaultTask  Name ="_default" NavigationPage="MainPage.xaml"/>

      <!-- Useful for simulating Bing Instant Answers results -->
      <!--
      <DefaultTask  Name ="_default" NavigationPage="MainPage.xaml?bing_query=Sphere by Michael Crichton"/>
      -->

      <!-- Used for simulating App Connect / Search Extensibility results-->
      <!--
      <DefaultTask  Name ="_default" NavigationPage="MainPage.xaml?
                    Category=Bing_Products_Books_and_Magazines&amp;ProductName=Sphere"/>
                    -->
    </Tasks>
    <Tokens>
      <PrimaryToken TokenID="PhoneApp2Token" TaskName="_default">
        <TemplateType5>
          <BackgroundImageURI IsRelative="true" IsResource="false">Background.jpg</BackgroundImageURI>
          <Count>0</Count>
          <Title>Day 22 - App Connect</Title>
        </TemplateType5>
      </PrimaryToken>
    </Tokens>
    <Extensions>
      <!-- Beta extension, for development and testing only -->
      <Extension ExtensionName="Products" ConsumerID="{5B04B775-356B-4AA0-AAF8-6491FFEA5661}" TaskID="_default" ExtraFile="Extensions/Extras.xml" />
      <!-- Production extensions, for submission to Marketplace -->
      <Extension ExtensionName="Bing_Products_Books_and_Magazines" ConsumerID="{5B04B775-356B-4AA0-AAF8-6491FFEA5661}" TaskID="_default" ExtraFile="Extensions/Extras.xml" />
    </Extensions>
  </App>
</Deployment>