<OutOfBrowserSettings ShortName="PointOfSaleApp Application" EnableGPUAcceleration="False" ShowInstallMenuItem="True">
  <OutOfBrowserSettings.Blurb>PointOfSaleApp Application on your desktop; at home, at work or on the go.</OutOfBrowserSettings.Blurb>
  <OutOfBrowserSettings.WindowSettings>
    <WindowSettings Title="PointOfSaleApp Application" WindowStyle="BorderlessRoundCornersWindow" />
  </OutOfBrowserSettings.WindowSettings>
  <OutOfBrowserSettings.SecuritySettings>
    <SecuritySettings ElevatedPermissions="Required" />
  </OutOfBrowserSettings.SecuritySettings>
  <OutOfBrowserSettings.Icons>
    <Icon Size="16,16">Images/Background16.png</Icon>
    <Icon Size="32,32">Images/Background32.png</Icon>
    <Icon Size="48,48">Images/Background48.png</Icon>
    <Icon Size="128,128">Images/Background128.png</Icon>
  </OutOfBrowserSettings.Icons>
</OutOfBrowserSettings>