﻿<?xml version="1.0" encoding="utf-8"?>

<Deployment xmlns="http://schemas.microsoft.com/windowsphone/2009/deployment" AppPlatformVersion="7.1">
	<App xmlns="" ProductID="{7b897643-1434-41f2-835e-c4ba8143e60a}" Title="Day #10 - Network Information" RuntimeType="Silverlight" Version="1.0.0.0" Genre="apps.normal"  Author="Jeff Blankenburg" Description="Sample description" Publisher="Jeff Blankenburg">
		<IconPath IsRelative="true" IsResource="false">Day10-SmallMobileAppTile.png</IconPath>
		<Capabilities>
			<Capability Name="ID_CAP_GAMERSERVICES"/>
			<Capability Name="ID_CAP_IDENTITY_DEVICE"/>
			<Capability Name="ID_CAP_IDENTITY_USER"/>
			<Capability Name="ID_CAP_LOCATION"/>
			<Capability Name="ID_CAP_MEDIALIB"/>
			<Capability Name="ID_CAP_MICROPHONE"/>
			<Capability Name="ID_CAP_NETWORKING"/>
			<Capability Name="ID_CAP_PHONEDIALER"/>
			<Capability Name="ID_CAP_PUSH_NOTIFICATION"/>
			<Capability Name="ID_CAP_SENSORS"/>
			<Capability Name="ID_CAP_WEBBROWSERCOMPONENT"/>
			<Capability Name="ID_CAP_ISV_CAMERA"/>
			<Capability Name="ID_CAP_CONTACTS"/>
			<Capability Name="ID_CAP_APPOINTMENTS"/>
		</Capabilities>
		<Tasks>
			<DefaultTask  Name ="_default" NavigationPage="MainPage.xaml"/>
		</Tasks>
		<Tokens>
			<PrimaryToken TokenID="Day10_NetworkInformationToken" TaskName="_default">
				<TemplateType5>
					<BackgroundImageURI IsRelative="true" IsResource="false">Day10-LargeMobileAppTile.png</BackgroundImageURI>
					<Count>0</Count>
					<Title></Title>
				</TemplateType5>
			</PrimaryToken>
		</Tokens>
	</App>
</Deployment>
