﻿<?xml version="1.0" encoding="utf-8" ?>

<ExtrasInfo>
  <AppTitle>
    <!-- Neutral language application title. -->
    <default>Book Helper</default>

    <!-- Localized titles -->
    <es-ES>Libro Helper</es-ES>
    <fr-FR>Livre Helper</fr-FR>
    <zh-CN>本书帮助器</zh-CN>
  </AppTitle>

  <Consumer ConsumerID="{5B04B775-356B-4AA0-AAF8-6491FFEA5661}">

    <ExtensionInfo>
      <Extensions>
        <!-- Beta extension, for all products. -->
        <ExtensionName>Products</ExtensionName>
        <!-- Corresponding product extension for books -->
        <ExtensionName>Bing_Products_Books_and_Magazines</ExtensionName>
      </Extensions>
      <CaptionString>
        <!-- Neutral language caption -->
        <default>Search vendors for books and eBooks</default>

        <!-- Localized captions -->
        <es-ES>Búsqueda de libros y libros electrónicos de varios proveedores</es-ES>
        <fr-FR>Recherche de livres et eBooks provenant de divers fournisseurs</fr-FR>
        <zh-CN>搜索图书和电子图书来自不同供应商</zh-CN>
      </CaptionString>
    </ExtensionInfo>

  </Consumer>
</ExtrasInfo>

